index,vehicle_id,speed,accuracy,humidity,visibility,rainfall,latency,voltage,temperature,cpu_load,storage,satellites,rsrp,edge_inference_ms,network_status,perception_confidence,obstacle_confidence,road_impact_g,latitude,longitude,weather,site,site_type
0,YC-LOGISTICS-VAN-03,18.1,0.19,93.7,83,0.0,65,12.38,39.5,43.8,71.2,23,-79,25.9,5G在线,67.4,87.1,0.13,29.434228,105.989042,大雾,重庆永川 · 茶山竹海坡道测试段,山地坡道 / 连续发卡弯 / 竹林景区慢行
1,YC-LOGISTICS-VAN-03,18.4,0.22,94.1,86,0.0,71,12.4,39.5,47.9,72.6,23,-86,28.8,5G在线,71.9,90.4,0.14,29.434256,105.989054,大雾,重庆永川 · 茶山竹海坡道测试段,山地坡道 / 连续发卡弯 / 竹林景区慢行
2,YC-LOGISTICS-VAN-03,19.3,0.2,94.4,89,0.0,58,12.36,40.2,45.4,72.1,25,-81,23.3,5G在线,72.5,84.8,0.14,29.434285,105.989066,大雾,重庆永川 · 茶山竹海坡道测试段,山地坡道 / 连续发卡弯 / 竹林景区慢行
3,YC-LOGISTICS-VAN-03,19.5,0.18,94.8,93,0.1,77,12.38,39.7,46.4,70.0,25,-81,25.7,5G在线,67.5,83.7,0.16,29.434313,105.989078,大雾,重庆永川 · 茶山竹海坡道测试段,山地坡道 / 连续发卡弯 / 竹林景区慢行
4,YC-LOGISTICS-VAN-03,20.3,0.23,94.3,96,0.2,66,12.35,40.8,45.3,70.4,21,-86,25.8,5G在线,67.2,83.1,0.13,29.434342,105.989091,大雾,重庆永川 · 茶山竹海坡道测试段,山地坡道 / 连续发卡弯 / 竹林景区慢行
5,YC-LOGISTICS-VAN-03,21.1,0.19,94.7,99,0.0,64,12.45,39.6,43.9,72.5,25,-86,26.3,5G在线,71.3,87.0,0.13,29.43437,105.989103,大雾,重庆永川 · 茶山竹海坡道测试段,山地坡道 / 连续发卡弯 / 竹林景区慢行
6,YC-LOGISTICS-VAN-03,21.4,0.23,95.0,102,0.0,66,12.35,40.2,44.5,71.5,21,-82,23.4,5G在线,71.8,90.7,0.16,29.434399,105.989115,大雾,重庆永川 · 茶山竹海坡道测试段,山地坡道 / 连续发卡弯 / 竹林景区慢行
7,YC-LOGISTICS-VAN-03,21.9,0.23,95.3,93,0.0,58,12.46,40.8,47.4,72.5,24,-84,26.2,5G在线,68.5,84.4,0.14,29.434427,105.989127,大雾,重庆永川 · 茶山竹海坡道测试段,山地坡道 / 连续发卡弯 / 竹林景区慢行
8,YC-LOGISTICS-VAN-03,22.0,0.19,94.8,96,0.1,73,12.43,40.4,42.3,70.6,24,-87,29.5,5G在线,70.0,89.1,0.14,29.434455,105.989139,大雾,重庆永川 · 茶山竹海坡道测试段,山地坡道 / 连续发卡弯 / 竹林景区慢行
9,YC-LOGISTICS-VAN-03,22.3,0.2,95.2,99,0.2,68,12.49,39.8,46.5,72.6,22,-82,24.3,5G在线,71.1,83.7,0.15,29.434484,105.98915,大雾,重庆永川 · 茶山竹海坡道测试段,山地坡道 / 连续发卡弯 / 竹林景区慢行
10,YC-LOGISTICS-VAN-03,22.8,0.23,95.4,101,0.0,57,12.33,40.2,44.4,70.7,25,-86,25.2,5G在线,69.5,83.1,0.15,29.434512,105.989162,大雾,重庆永川 · 茶山竹海坡道测试段,山地坡道 / 连续发卡弯 / 竹林景区慢行
11,YC-LOGISTICS-VAN-03,23.3,0.19,95.7,104,0.0,65,12.45,39.7,48.2,69.7,24,-84,29.7,5G在线,67.2,89.2,0.15,29.434541,105.989174,大雾,重庆永川 · 茶山竹海坡道测试段,山地坡道 / 连续发卡弯 / 竹林景区慢行
12,YC-LOGISTICS-VAN-03,23.6,0.2,95.2,107,0.0,70,12.38,40.9,43.1,71.9,23,-86,27.5,5G在线,69.7,84.1,0.13,29.434569,105.989186,大雾,重庆永川 · 茶山竹海坡道测试段,山地坡道 / 连续发卡弯 / 竹林景区慢行
13,YC-LOGISTICS-VAN-03,24.0,0.19,95.4,109,0.1,72,12.51,40.2,46.9,69.3,22,-83,26.4,5G在线,71.4,88.4,0.16,29.434597,105.989198,大雾,重庆永川 · 茶山竹海坡道测试段,山地坡道 / 连续发卡弯 / 竹林景区慢行
14,YC-LOGISTICS-VAN-03,24.0,0.22,95.7,98,0.2,57,12.46,40.3,45.3,71.1,23,-83,25.2,5G在线,67.3,86.2,0.12,29.434626,105.989209,大雾,重庆永川 · 茶山竹海坡道测试段,山地坡道 / 连续发卡弯 / 竹林景区慢行
15,YC-LOGISTICS-VAN-03,24.1,0.21,95.9,100,0.0,58,12.34,40.8,45.2,72.4,22,-83,29.5,5G在线,69.8,89.1,0.12,29.434654,105.989221,大雾,重庆永川 · 茶山竹海坡道测试段,山地坡道 / 连续发卡弯 / 竹林景区慢行
16,YC-LOGISTICS-VAN-03,24.1,0.2,95.3,102,0.0,61,12.51,39.9,49.7,72.4,25,-85,25.8,5G在线,70.2,91.6,0.16,29.434682,105.989233,大雾,重庆永川 · 茶山竹海坡道测试段,山地坡道 / 连续发卡弯 / 竹林景区慢行
17,YC-LOGISTICS-VAN-03,23.6,0.19,95.5,104,0.0,64,12.37,40.6,46.5,70.4,21,-83,26.6,5G在线,71.3,87.1,0.13,29.434711,105.989245,大雾,重庆永川 · 茶山竹海坡道测试段,山地坡道 / 连续发卡弯 / 竹林景区慢行
18,YC-LOGISTICS-VAN-03,24.0,0.19,95.7,105,0.1,59,12.36,40.6,49.3,72.1,21,-81,30.0,5G在线,71.4,86.1,0.16,29.434739,105.989256,大雾,重庆永川 · 茶山竹海坡道测试段,山地坡道 / 连续发卡弯 / 竹林景区慢行
19,YC-LOGISTICS-VAN-03,23.6,0.22,95.8,107,0.2,58,12.42,39.8,47.5,72.4,22,-85,29.3,5G在线,68.6,83.7,0.15,29.434767,105.989268,大雾,重庆永川 · 茶山竹海坡道测试段,山地坡道 / 连续发卡弯 / 竹林景区慢行
20,YC-LOGISTICS-VAN-03,23.8,0.22,95.2,108,0.0,67,12.35,39.8,44.9,70.3,22,-82,22.4,5G在线,72.6,84.7,0.12,29.434795,105.989279,大雾,重庆永川 · 茶山竹海坡道测试段,山地坡道 / 连续发卡弯 / 竹林景区慢行
21,YC-LOGISTICS-VAN-03,23.5,0.21,95.3,96,0.0,73,12.52,39.9,43.3,70.6,22,-78,23.2,5G在线,67.6,87.0,0.15,29.434824,105.989291,大雾,重庆永川 · 茶山竹海坡道测试段,山地坡道 / 连续发卡弯 / 竹林景区慢行
22,YC-LOGISTICS-VAN-03,23.5,0.18,95.4,97,0.0,77,12.35,40.2,44.8,69.9,24,-83,28.6,5G在线,70.5,84.2,0.14,29.434852,105.989302,大雾,重庆永川 · 茶山竹海坡道测试段,山地坡道 / 连续发卡弯 / 竹林景区慢行
23,YC-LOGISTICS-VAN-03,22.9,0.2,95.5,98,0.1,77,12.38,40.8,47.0,71.6,21,-79,28.5,5G在线,68.8,90.7,0.14,29.43488,105.989314,大雾,重庆永川 · 茶山竹海坡道测试段,山地坡道 / 连续发卡弯 / 竹林景区慢行
24,YC-LOGISTICS-VAN-03,23.0,0.21,94.8,99,0.2,76,12.41,40.4,49.6,69.8,25,-82,25.8,5G在线,68.1,83.5,0.14,29.434908,105.989325,大雾,重庆永川 · 茶山竹海坡道测试段,山地坡道 / 连续发卡弯 / 竹林景区慢行
25,YC-LOGISTICS-VAN-03,22.6,0.23,94.9,99,0.0,59,12.52,40.3,47.3,72.2,24,-80,29.4,5G在线,70.7,87.4,0.12,29.434936,105.989337,大雾,重庆永川 · 茶山竹海坡道测试段,山地坡道 / 连续发卡弯 / 竹林景区慢行
26,YC-LOGISTICS-VAN-03,23.0,0.2,94.9,100,0.0,74,12.36,40.4,43.2,71.1,21,-82,25.7,5G在线,68.5,91.8,0.12,29.434965,105.989348,大雾,重庆永川 · 茶山竹海坡道测试段,山地坡道 / 连续发卡弯 / 竹林景区慢行
27,YC-LOGISTICS-VAN-03,22.3,0.22,95.0,100,0.0,63,12.35,39.8,49.7,72.7,24,-81,26.1,5G在线,71.1,87.1,0.16,29.43499,105.989364,大雾,重庆永川 · 茶山竹海坡道测试段,山地坡道 / 连续发卡弯 / 竹林景区慢行
28,YC-LOGISTICS-VAN-03,22.1,0.2,94.2,88,0.1,74,12.38,40.0,45.3,69.6,21,-80,21.9,5G在线,67.7,88.9,0.16,29.435011,105.989384,大雾,重庆永川 · 茶山竹海坡道测试段,山地坡道 / 连续发卡弯 / 竹林景区慢行
29,YC-LOGISTICS-VAN-03,21.9,0.19,94.3,88,0.2,77,12.33,39.9,42.1,70.9,21,-79,22.0,5G在线,70.0,83.6,0.12,29.435032,105.989405,大雾,重庆永川 · 茶山竹海坡道测试段,山地坡道 / 连续发卡弯 / 竹林景区慢行
30,YC-LOGISTICS-VAN-03,22.2,0.21,94.3,88,0.0,57,12.53,40.8,43.2,72.5,23,-81,27.6,5G在线,72.6,90.2,0.15,29.435054,105.989426,大雾,重庆永川 · 茶山竹海坡道测试段,山地坡道 / 连续发卡弯 / 竹林景区慢行
31,YC-LOGISTICS-VAN-03,21.9,0.22,94.4,89,0.0,69,12.36,40.3,43.6,70.8,25,-83,26.3,5G在线,68.9,89.6,0.14,29.435075,105.989447,大雾,重庆永川 · 茶山竹海坡道测试段,山地坡道 / 连续发卡弯 / 竹林景区慢行
32,YC-LOGISTICS-VAN-03,21.9,0.2,93.6,89,0.0,75,12.51,40.3,49.9,71.3,21,-81,21.4,5G在线,71.1,84.5,0.16,29.435096,105.989467,大雾,重庆永川 · 茶山竹海坡道测试段,山地坡道 / 连续发卡弯 / 竹林景区慢行
33,YC-LOGISTICS-VAN-03,22.2,0.18,93.6,89,0.1,62,12.44,39.8,42.3,72.3,24,-78,26.5,5G在线,70.5,89.6,0.13,29.435117,105.989488,大雾,重庆永川 · 茶山竹海坡道测试段,山地坡道 / 连续发卡弯 / 竹林景区慢行
34,YC-LOGISTICS-VAN-03,21.6,0.18,93.7,89,0.2,78,12.5,40.2,44.1,70.4,21,-83,24.0,5G在线,71.8,91.5,0.15,29.435138,105.989509,大雾,重庆永川 · 茶山竹海坡道测试段,山地坡道 / 连续发卡弯 / 竹林景区慢行
35,YC-LOGISTICS-VAN-03,22.1,0.2,93.7,77,0.0,67,12.46,40.1,48.2,69.7,25,-87,22.2,5G在线,67.8,84.2,0.15,29.435159,105.989529,大雾,重庆永川 · 茶山竹海坡道测试段,山地坡道 / 连续发卡弯 / 竹林景区慢行
36,YC-LOGISTICS-VAN-03,22.2,0.22,93.0,77,0.0,75,12.33,40.0,45.1,72.3,22,-84,22.1,5G在线,69.2,83.3,0.16,29.435181,105.98955,大雾,重庆永川 · 茶山竹海坡道测试段,山地坡道 / 连续发卡弯 / 竹林景区慢行
37,YC-LOGISTICS-VAN-03,21.9,0.21,93.1,78,0.0,76,12.42,40.9,42.3,71.2,21,-85,26.3,5G在线,72.8,86.3,0.12,29.435202,105.989571,大雾,重庆永川 · 茶山竹海坡道测试段,山地坡道 / 连续发卡弯 / 竹林景区慢行
38,YC-LOGISTICS-VAN-03,22.4,0.2,93.1,78,0.1,76,12.4,39.8,45.8,70.3,22,-84,24.1,5G在线,69.5,91.9,0.13,29.435223,105.989591,大雾,重庆永川 · 茶山竹海坡道测试段,山地坡道 / 连续发卡弯 / 竹林景区慢行
39,YC-LOGISTICS-VAN-03,22.5,0.2,93.2,79,0.2,65,12.41,39.7,47.0,72.1,21,-83,30.4,5G在线,67.5,83.4,0.12,29.435244,105.989612,大雾,重庆永川 · 茶山竹海坡道测试段,山地坡道 / 连续发卡弯 / 竹林景区慢行
40,YC-LOGISTICS-VAN-03,22.6,0.22,92.5,79,0.0,72,12.51,40.8,48.9,70.6,21,-78,27.1,5G在线,70.1,83.8,0.12,29.435265,105.989632,大雾,重庆永川 · 茶山竹海坡道测试段,山地坡道 / 连续发卡弯 / 竹林景区慢行
41,YC-LOGISTICS-VAN-03,22.5,0.19,92.6,80,0.0,58,12.45,40.6,47.2,72.1,21,-83,26.6,5G在线,69.5,85.4,0.16,29.435286,105.989653,大雾,重庆永川 · 茶山竹海坡道测试段,山地坡道 / 连续发卡弯 / 竹林景区慢行
42,YC-LOGISTICS-VAN-03,22.8,0.18,92.7,69,0.0,72,12.42,40.5,49.4,71.3,22,-79,24.3,5G在线,71.6,89.4,0.13,29.435307,105.989673,大雾,重庆永川 · 茶山竹海坡道测试段,山地坡道 / 连续发卡弯 / 竹林景区慢行
43,YC-LOGISTICS-VAN-03,22.5,0.2,92.8,70,0.1,74,12.41,39.9,43.5,70.7,22,-85,25.9,5G在线,67.6,88.1,0.15,29.435328,105.989694,大雾,重庆永川 · 茶山竹海坡道测试段,山地坡道 / 连续发卡弯 / 竹林景区慢行
44,YC-LOGISTICS-VAN-03,23.2,0.2,92.2,71,0.2,63,12.37,40.7,44.9,70.6,24,-86,27.3,5G在线,68.1,85.9,0.14,29.435349,105.989714,大雾,重庆永川 · 茶山竹海坡道测试段,山地坡道 / 连续发卡弯 / 竹林景区慢行
45,YC-LOGISTICS-VAN-03,22.8,0.22,92.3,72,0.0,68,12.42,40.1,42.4,69.5,22,-81,26.8,5G在线,71.6,87.1,0.12,29.435369,105.989735,大雾,重庆永川 · 茶山竹海坡道测试段,山地坡道 / 连续发卡弯 / 竹林景区慢行
46,YC-LOGISTICS-VAN-03,23.0,0.19,92.5,74,0.0,64,12.38,40.9,49.8,69.8,23,-84,26.4,5G在线,68.6,85.9,0.13,29.43539,105.989755,大雾,重庆永川 · 茶山竹海坡道测试段,山地坡道 / 连续发卡弯 / 竹林景区慢行
47,YC-LOGISTICS-VAN-03,23.2,0.22,92.7,76,0.0,74,12.46,40.1,45.0,69.5,23,-83,27.6,5G在线,71.3,91.2,0.13,29.435411,105.989776,大雾,重庆永川 · 茶山竹海坡道测试段,山地坡道 / 连续发卡弯 / 竹林景区慢行
48,YC-LOGISTICS-VAN-03,23.3,0.2,92.1,77,0.1,59,12.48,40.8,46.1,70.2,22,-82,29.5,5G在线,70.9,84.8,0.13,29.435432,105.989796,大雾,重庆永川 · 茶山竹海坡道测试段,山地坡道 / 连续发卡弯 / 竹林景区慢行
49,YC-LOGISTICS-VAN-03,23.0,0.21,92.3,67,0.2,69,12.49,40.6,45.3,71.5,25,-79,29.5,5G在线,72.3,88.5,0.15,29.435452,105.989817,大雾,重庆永川 · 茶山竹海坡道测试段,山地坡道 / 连续发卡弯 / 竹林景区慢行
50,YC-LOGISTICS-VAN-03,22.9,0.2,92.6,69,0.0,72,12.52,40.4,49.2,71.6,23,-84,24.3,5G在线,71.4,91.1,0.15,29.435473,105.989837,大雾,重庆永川 · 茶山竹海坡道测试段,山地坡道 / 连续发卡弯 / 竹林景区慢行
51,YC-LOGISTICS-VAN-03,23.1,0.2,92.8,71,0.0,76,12.46,40.5,43.3,71.0,23,-81,26.0,5G在线,72.2,91.3,0.12,29.435494,105.989858,大雾,重庆永川 · 茶山竹海坡道测试段,山地坡道 / 连续发卡弯 / 竹林景区慢行
52,YC-LOGISTICS-VAN-03,23.0,0.21,92.3,74,0.0,65,12.46,40.3,45.8,71.9,23,-83,30.1,5G在线,71.0,91.5,0.15,29.435514,105.989878,大雾,重庆永川 · 茶山竹海坡道测试段,山地坡道 / 连续发卡弯 / 竹林景区慢行
53,YC-LOGISTICS-VAN-03,22.9,0.18,92.6,76,0.1,59,12.37,40.9,48.1,71.9,24,-81,24.3,5G在线,71.3,89.5,0.16,29.435535,105.989898,大雾,重庆永川 · 茶山竹海坡道测试段,山地坡道 / 连续发卡弯 / 竹林景区慢行
54,YC-LOGISTICS-VAN-03,22.6,0.22,92.9,79,0.2,78,12.53,40.1,49.6,71.3,25,-85,22.1,5G在线,71.6,85.7,0.15,29.435564,105.989912,大雾,重庆永川 · 茶山竹海坡道测试段,山地坡道 / 连续发卡弯 / 竹林景区慢行
55,YC-LOGISTICS-VAN-03,22.6,0.2,93.2,82,0.0,61,12.41,40.6,47.3,69.9,23,-80,23.0,5G在线,68.6,90.5,0.16,29.435594,105.989924,大雾,重庆永川 · 茶山竹海坡道测试段,山地坡道 / 连续发卡弯 / 竹林景区慢行
56,YC-LOGISTICS-VAN-03,21.9,0.22,92.7,72,0.0,76,12.51,40.1,46.8,71.7,22,-78,24.8,5G在线,68.0,91.8,0.12,29.435624,105.989936,大雾,重庆永川 · 茶山竹海坡道测试段,山地坡道 / 连续发卡弯 / 竹林景区慢行
57,YC-LOGISTICS-VAN-03,21.7,0.19,93.0,76,0.0,59,12.49,40.7,46.5,71.4,25,-86,25.8,5G在线,67.7,89.1,0.15,29.435654,105.989948,大雾,重庆永川 · 茶山竹海坡道测试段,山地坡道 / 连续发卡弯 / 竹林景区慢行
58,YC-LOGISTICS-VAN-03,21.7,0.22,93.4,79,0.1,64,12.4,39.6,46.7,70.5,25,-83,29.4,5G在线,68.7,88.3,0.12,29.435684,105.989961,大雾,重庆永川 · 茶山竹海坡道测试段,山地坡道 / 连续发卡弯 / 竹林景区慢行
59,YC-LOGISTICS-VAN-03,21.1,0.2,93.7,82,0.2,76,12.42,40.4,48.1,70.0,25,-82,21.7,5G在线,67.7,90.1,0.14,29.435714,105.989973,大雾,重庆永川 · 茶山竹海坡道测试段,山地坡道 / 连续发卡弯 / 竹林景区慢行
60,YC-LOGISTICS-VAN-03,20.3,0.21,93.3,85,0.0,57,12.41,40.6,42.9,69.5,22,-86,21.6,5G在线,69.9,83.4,0.14,29.435743,105.989985,大雾,重庆永川 · 茶山竹海坡道测试段,山地坡道 / 连续发卡弯 / 竹林景区慢行
61,YC-LOGISTICS-VAN-03,20.2,0.2,93.6,89,0.0,62,12.44,39.9,43.6,70.9,22,-83,28.0,5G在线,70.2,87.5,0.12,29.435773,105.989997,大雾,重庆永川 · 茶山竹海坡道测试段,山地坡道 / 连续发卡弯 / 竹林景区慢行
62,YC-LOGISTICS-VAN-03,19.3,0.2,94.0,92,0.0,65,12.52,39.9,42.3,72.3,21,-86,26.9,5G在线,70.4,90.5,0.12,29.435803,105.99001,大雾,重庆永川 · 茶山竹海坡道测试段,山地坡道 / 连续发卡弯 / 竹林景区慢行
63,YC-LOGISTICS-VAN-03,19.1,0.21,94.3,83,0.1,58,12.4,40.7,42.2,72.2,23,-87,21.1,5G在线,72.3,90.5,0.13,29.435833,105.990022,大雾,重庆永川 · 茶山竹海坡道测试段,山地坡道 / 连续发卡弯 / 竹林景区慢行
64,YC-LOGISTICS-VAN-03,18.1,0.22,93.9,86,0.2,61,12.36,39.5,46.9,70.4,22,-80,27.7,5G在线,70.3,83.3,0.13,29.435862,105.990034,大雾,重庆永川 · 茶山竹海坡道测试段,山地坡道 / 连续发卡弯 / 竹林景区慢行
65,YC-LOGISTICS-VAN-03,17.9,0.21,94.2,90,0.0,76,12.34,40.1,45.2,70.8,22,-85,21.1,5G在线,71.5,83.2,0.13,29.435892,105.990046,大雾,重庆永川 · 茶山竹海坡道测试段,山地坡道 / 连续发卡弯 / 竹林景区慢行
66,YC-LOGISTICS-VAN-03,17.0,0.2,94.6,93,0.0,78,12.35,40.5,47.4,70.5,22,-82,27.8,5G在线,67.2,89.2,0.14,29.435922,105.990059,大雾,重庆永川 · 茶山竹海坡道测试段,山地坡道 / 连续发卡弯 / 竹林景区慢行
67,YC-LOGISTICS-VAN-03,16.6,0.2,94.9,96,0.0,77,12.47,40.3,42.4,71.1,25,-85,24.7,5G在线,72.2,87.0,0.15,29.435951,105.990071,大雾,重庆永川 · 茶山竹海坡道测试段,山地坡道 / 连续发卡弯 / 竹林景区慢行
68,YC-LOGISTICS-VAN-03,15.7,0.21,94.5,100,0.1,72,12.52,40.3,46.1,71.3,23,-83,24.0,5G在线,69.4,84.3,0.13,29.435981,105.990083,大雾,重庆永川 · 茶山竹海坡道测试段,山地坡道 / 连续发卡弯 / 竹林景区慢行
69,YC-LOGISTICS-VAN-03,15.5,0.23,94.8,103,0.2,78,12.44,39.7,45.5,69.7,23,-80,28.6,5G在线,69.4,83.7,0.15,29.43601,105.990095,大雾,重庆永川 · 茶山竹海坡道测试段,山地坡道 / 连续发卡弯 / 竹林景区慢行
70,YC-LOGISTICS-VAN-03,14.8,0.2,95.2,93,0.0,62,12.41,39.3,44.2,69.6,23,-84,26.5,5G在线,68.4,90.6,0.14,29.43604,105.990108,大雾,重庆永川 · 茶山竹海坡道测试段,山地坡道 / 连续发卡弯 / 竹林景区慢行
71,YC-LOGISTICS-VAN-03,13.9,0.21,95.5,96,0.0,66,12.39,40.4,42.6,69.4,25,-78,30.2,5G在线,67.3,85.7,0.15,29.436069,105.99012,大雾,重庆永川 · 茶山竹海坡道测试段,山地坡道 / 连续发卡弯 / 竹林景区慢行
72,YC-LOGISTICS-VAN-03,13.9,0.18,95.0,99,0.0,62,12.48,40.0,41.6,71.5,25,-81,24.6,5G在线,70.4,90.9,0.13,29.436099,105.990132,大雾,重庆永川 · 茶山竹海坡道测试段,山地坡道 / 连续发卡弯 / 竹林景区慢行
73,YC-LOGISTICS-VAN-03,13.3,0.22,95.3,102,0.1,57,12.43,40.1,44.6,71.0,22,-81,29.7,5G在线,70.4,89.3,0.13,29.436128,105.990145,大雾,重庆永川 · 茶山竹海坡道测试段,山地坡道 / 连续发卡弯 / 竹林景区慢行
74,YC-LOGISTICS-VAN-03,12.9,0.2,95.5,104,0.2,74,12.5,39.5,43.2,71.6,22,-83,24.0,5G在线,71.6,85.0,0.15,29.436158,105.990157,大雾,重庆永川 · 茶山竹海坡道测试段,山地坡道 / 连续发卡弯 / 竹林景区慢行
75,YC-LOGISTICS-VAN-03,12.3,0.18,95.8,107,0.0,59,12.45,39.7,44.1,72.1,21,-84,25.4,5G在线,70.1,91.9,0.12,29.436187,105.990169,大雾,重庆永川 · 茶山竹海坡道测试段,山地坡道 / 连续发卡弯 / 竹林景区慢行
76,YC-LOGISTICS-VAN-03,12.2,0.22,95.2,109,0.0,67,12.44,39.2,43.6,70.3,24,-82,22.4,5G在线,67.5,88.3,0.15,29.436216,105.990182,大雾,重庆永川 · 茶山竹海坡道测试段,山地坡道 / 连续发卡弯 / 竹林景区慢行
77,YC-LOGISTICS-VAN-03,12.3,0.19,95.5,98,0.0,78,12.5,39.3,47.6,69.6,22,-86,26.1,5G在线,67.9,87.9,0.14,29.436245,105.990194,大雾,重庆永川 · 茶山竹海坡道测试段,山地坡道 / 连续发卡弯 / 竹林景区慢行
78,YC-LOGISTICS-VAN-03,12.1,0.19,95.7,100,0.1,69,12.49,39.4,44.6,70.8,23,-82,22.1,5G在线,71.0,88.3,0.16,29.436275,105.990206,大雾,重庆永川 · 茶山竹海坡道测试段,山地坡道 / 连续发卡弯 / 竹林景区慢行
79,YC-LOGISTICS-VAN-03,11.8,0.19,95.9,102,0.2,69,12.51,39.4,40.4,70.9,22,-86,24.9,5G在线,72.7,86.3,0.13,29.436304,105.990219,大雾,重庆永川 · 茶山竹海坡道测试段,山地坡道 / 连续发卡弯 / 竹林景区慢行
80,YC-LOGISTICS-VAN-03,11.7,0.22,95.3,104,0.0,77,12.5,39.7,43.6,70.9,24,-80,26.6,5G在线,67.3,85.4,0.12,29.436329,105.990235,大雾,重庆永川 · 茶山竹海坡道测试段,山地坡道 / 连续发卡弯 / 竹林景区慢行
81,YC-LOGISTICS-VAN-03,11.2,0.23,95.5,105,0.0,68,12.47,39.9,46.5,71.8,25,-80,21.6,5G在线,71.1,89.8,0.16,29.436348,105.99026,大雾,重庆永川 · 茶山竹海坡道测试段,山地坡道 / 连续发卡弯 / 竹林景区慢行
82,YC-LOGISTICS-VAN-03,11.4,0.19,95.6,107,0.0,74,12.45,39.8,47.8,71.2,25,-83,29.1,5G在线,69.3,91.2,0.13,29.436366,105.990284,大雾,重庆永川 · 茶山竹海坡道测试段,山地坡道 / 连续发卡弯 / 竹林景区慢行
83,YC-LOGISTICS-VAN-03,11.5,0.22,95.7,108,0.1,75,12.35,40.0,40.6,72.0,22,-82,22.1,5G在线,70.1,91.6,0.15,29.436384,105.990309,大雾,重庆永川 · 茶山竹海坡道测试段,山地坡道 / 连续发卡弯 / 竹林景区慢行
84,YC-LOGISTICS-VAN-03,11.4,0.21,95.1,96,0.2,67,12.36,40.1,43.5,72.5,22,-79,25.2,5G在线,68.5,85.5,0.14,29.436402,105.990334,大雾,重庆永川 · 茶山竹海坡道测试段,山地坡道 / 连续发卡弯 / 竹林景区慢行
85,YC-LOGISTICS-VAN-03,12.1,0.2,95.2,97,0.0,57,12.36,40.2,43.7,70.9,25,-84,28.2,5G在线,70.2,83.0,0.16,29.436421,105.990359,大雾,重庆永川 · 茶山竹海坡道测试段,山地坡道 / 连续发卡弯 / 竹林景区慢行
86,YC-LOGISTICS-VAN-03,12.3,0.19,95.3,98,0.0,71,12.48,39.7,45.3,69.5,22,-81,28.6,5G在线,72.1,87.9,0.14,29.436439,105.990383,大雾,重庆永川 · 茶山竹海坡道测试段,山地坡道 / 连续发卡弯 / 竹林景区慢行
87,YC-LOGISTICS-VAN-03,12.0,0.21,95.4,99,0.0,62,12.37,40.3,45.8,69.3,23,-82,30.9,5G在线,72.0,86.1,0.16,29.436457,105.990408,大雾,重庆永川 · 茶山竹海坡道测试段,山地坡道 / 连续发卡弯 / 竹林景区慢行
88,YC-LOGISTICS-VAN-03,12.0,0.2,94.6,99,0.1,69,12.49,39.3,46.4,70.0,23,-86,27.6,5G在线,69.7,83.1,0.13,29.436475,105.990433,大雾,重庆永川 · 茶山竹海坡道测试段,山地坡道 / 连续发卡弯 / 竹林景区慢行
89,YC-LOGISTICS-VAN-03,12.9,0.21,94.7,100,0.2,64,12.42,39.3,41.5,69.5,22,-87,25.8,5G在线,69.4,89.4,0.13,29.436493,105.990458,大雾,重庆永川 · 茶山竹海坡道测试段,山地坡道 / 连续发卡弯 / 竹林景区慢行
90,YC-LOGISTICS-VAN-03,12.6,0.21,94.8,100,0.0,58,12.4,39.9,46.3,71.7,22,-83,25.9,5G在线,70.6,91.4,0.13,29.436511,105.990482,大雾,重庆永川 · 茶山竹海坡道测试段,山地坡道 / 连续发卡弯 / 竹林景区慢行
91,YC-LOGISTICS-VAN-03,13.1,0.23,94.8,88,0.0,67,12.51,40.0,40.9,70.4,23,-79,22.4,5G在线,69.7,86.6,0.13,29.436529,105.990507,大雾,重庆永川 · 茶山竹海坡道测试段,山地坡道 / 连续发卡弯 / 竹林景区慢行
92,YC-LOGISTICS-VAN-03,13.5,0.23,94.1,88,0.0,65,12.42,40.4,46.0,69.9,22,-79,28.8,5G在线,69.4,86.2,0.15,29.436547,105.990532,大雾,重庆永川 · 茶山竹海坡道测试段,山地坡道 / 连续发卡弯 / 竹林景区慢行
93,YC-LOGISTICS-VAN-03,13.1,0.19,94.1,88,0.1,63,12.52,40.4,41.5,72.6,24,-84,22.3,5G在线,67.5,89.1,0.15,29.436565,105.990557,大雾,重庆永川 · 茶山竹海坡道测试段,山地坡道 / 连续发卡弯 / 竹林景区慢行
94,YC-LOGISTICS-VAN-03,13.4,0.2,94.1,88,0.2,63,12.38,39.8,43.8,70.5,22,-82,24.4,5G在线,71.1,88.0,0.12,29.436583,105.990582,大雾,重庆永川 · 茶山竹海坡道测试段,山地坡道 / 连续发卡弯 / 竹林景区慢行
95,YC-LOGISTICS-VAN-03,14.0,0.19,94.2,89,0.0,59,12.52,39.8,42.1,70.9,24,-85,30.7,5G在线,71.4,84.0,0.13,29.436601,105.990607,大雾,重庆永川 · 茶山竹海坡道测试段,山地坡道 / 连续发卡弯 / 竹林景区慢行
96,YC-LOGISTICS-VAN-03,14.2,0.2,93.4,89,0.0,78,12.36,39.4,46.2,72.1,21,-79,25.4,5G在线,71.9,85.7,0.16,29.436619,105.990632,大雾,重庆永川 · 茶山竹海坡道测试段,山地坡道 / 连续发卡弯 / 竹林景区慢行
97,YC-LOGISTICS-VAN-03,13.8,0.22,93.5,89,0.0,62,12.35,40.3,45.1,70.9,23,-83,28.3,5G在线,70.1,84.9,0.13,29.436637,105.990657,大雾,重庆永川 · 茶山竹海坡道测试段,山地坡道 / 连续发卡弯 / 竹林景区慢行
98,YC-LOGISTICS-VAN-03,14.1,0.19,93.5,77,0.1,75,12.35,39.5,46.3,70.1,21,-86,23.0,5G在线,67.2,87.4,0.16,29.436655,105.990682,大雾,重庆永川 · 茶山竹海坡道测试段,山地坡道 / 连续发卡弯 / 竹林景区慢行
99,YC-LOGISTICS-VAN-03,14.1,0.19,93.6,77,0.2,62,12.49,39.2,42.4,70.5,25,-78,22.1,5G在线,70.9,87.5,0.15,29.436673,105.990707,大雾,重庆永川 · 茶山竹海坡道测试段,山地坡道 / 连续发卡弯 / 竹林景区慢行
100,YC-LOGISTICS-VAN-03,14.3,0.23,92.8,77,0.0,77,12.46,39.2,44.3,71.2,21,-79,27.3,5G在线,67.9,89.6,0.16,29.43669,105.990732,大雾,重庆永川 · 茶山竹海坡道测试段,山地坡道 / 连续发卡弯 / 竹林景区慢行
101,YC-LOGISTICS-VAN-03,14.6,0.23,92.9,78,0.0,60,12.36,39.7,47.4,71.9,22,-83,28.5,5G在线,69.1,90.0,0.15,29.436708,105.990757,大雾,重庆永川 · 茶山竹海坡道测试段,山地坡道 / 连续发卡弯 / 竹林景区慢行
102,YC-LOGISTICS-VAN-03,14.2,0.18,93.0,79,0.0,78,12.44,39.2,47.9,71.3,22,-81,24.7,5G在线,69.7,87.2,0.13,29.436726,105.990782,大雾,重庆永川 · 茶山竹海坡道测试段,山地坡道 / 连续发卡弯 / 竹林景区慢行
103,YC-LOGISTICS-VAN-03,14.6,0.2,93.1,79,0.1,77,12.53,40.3,42.1,72.1,21,-81,24.1,5G在线,67.2,84.5,0.13,29.436744,105.990808,大雾,重庆永川 · 茶山竹海坡道测试段,山地坡道 / 连续发卡弯 / 竹林景区慢行
104,YC-LOGISTICS-VAN-03,14.3,0.22,92.4,80,0.2,58,12.52,40.1,47.7,72.0,21,-83,28.3,5G在线,68.3,90.6,0.12,29.436762,105.990833,大雾,重庆永川 · 茶山竹海坡道测试段,山地坡道 / 连续发卡弯 / 竹林景区慢行
105,YC-LOGISTICS-VAN-03,13.9,0.21,92.5,69,0.0,73,12.38,40.5,41.0,71.7,24,-79,27.4,5G在线,72.3,87.9,0.12,29.436779,105.990858,大雾,重庆永川 · 茶山竹海坡道测试段,山地坡道 / 连续发卡弯 / 竹林景区慢行
106,YC-LOGISTICS-VAN-03,14.0,0.18,92.6,70,0.0,60,12.53,40.3,42.4,69.4,22,-86,26.3,5G在线,69.8,84.1,0.15,29.436797,105.990883,大雾,重庆永川 · 茶山竹海坡道测试段,山地坡道 / 连续发卡弯 / 竹林景区慢行
107,YC-LOGISTICS-VAN-03,14.0,0.19,92.8,71,0.0,71,12.43,40.0,44.1,71.6,22,-80,29.4,5G在线,68.2,90.9,0.12,29.436823,105.990897,大雾,重庆永川 · 茶山竹海坡道测试段,山地坡道 / 连续发卡弯 / 竹林景区慢行
108,YC-LOGISTICS-VAN-03,14.0,0.18,92.1,72,0.1,65,12.43,40.3,46.3,71.0,25,-85,30.7,5G在线,70.5,84.9,0.15,29.436852,105.990908,大雾,重庆永川 · 茶山竹海坡道测试段,山地坡道 / 连续发卡弯 / 竹林景区慢行
109,YC-LOGISTICS-VAN-03,13.8,0.22,92.3,74,0.2,64,12.44,40.1,47.8,72.6,22,-80,21.9,5G在线,70.5,86.6,0.13,29.43688,105.990918,大雾,重庆永川 · 茶山竹海坡道测试段,山地坡道 / 连续发卡弯 / 竹林景区慢行
110,YC-LOGISTICS-VAN-03,13.4,0.22,92.5,76,0.0,72,12.46,39.2,42.0,71.3,23,-84,28.0,5G在线,68.2,85.5,0.13,29.436909,105.990929,大雾,重庆永川 · 茶山竹海坡道测试段,山地坡道 / 连续发卡弯 / 竹林景区慢行
111,YC-LOGISTICS-VAN-03,13.8,0.19,92.7,77,0.0,78,12.44,39.5,42.9,71.8,22,-85,21.8,5G在线,68.2,89.3,0.15,29.436938,105.990939,大雾,重庆永川 · 茶山竹海坡道测试段,山地坡道 / 连续发卡弯 / 竹林景区慢行
112,YC-LOGISTICS-VAN-03,13.5,0.21,92.1,67,0.0,64,12.39,40.3,47.2,71.1,22,-78,27.3,5G在线,68.6,86.2,0.13,29.436966,105.99095,大雾,重庆永川 · 茶山竹海坡道测试段,山地坡道 / 连续发卡弯 / 竹林景区慢行
113,YC-LOGISTICS-VAN-03,13.7,0.21,92.4,69,0.1,62,12.37,40.1,41.3,72.0,25,-79,23.6,5G在线,69.7,91.8,0.16,29.436995,105.99096,大雾,重庆永川 · 茶山竹海坡道测试段,山地坡道 / 连续发卡弯 / 竹林景区慢行
114,YC-LOGISTICS-VAN-03,13.6,0.22,92.6,71,0.2,70,12.39,40.3,46.8,71.2,23,-80,26.7,5G在线,70.8,83.8,0.15,29.437023,105.990971,大雾,重庆永川 · 茶山竹海坡道测试段,山地坡道 / 连续发卡弯 / 竹林景区慢行
115,YC-LOGISTICS-VAN-03,13.6,0.22,92.9,74,0.0,70,12.34,39.2,48.1,71.1,24,-81,25.1,5G在线,68.6,87.9,0.15,29.437052,105.990982,大雾,重庆永川 · 茶山竹海坡道测试段,山地坡道 / 连续发卡弯 / 竹林景区慢行
116,YC-LOGISTICS-VAN-03,13.5,0.21,92.4,77,0.0,67,12.43,39.8,44.8,72.2,24,-83,26.8,5G在线,69.1,85.9,0.16,29.43708,105.990992,大雾,重庆永川 · 茶山竹海坡道测试段,山地坡道 / 连续发卡弯 / 竹林景区慢行
117,YC-LOGISTICS-VAN-03,13.4,0.22,92.7,79,0.0,67,12.35,39.9,41.3,70.1,24,-84,21.2,5G在线,69.7,89.6,0.14,29.437109,105.991003,大雾,重庆永川 · 茶山竹海坡道测试段,山地坡道 / 连续发卡弯 / 竹林景区慢行
118,YC-LOGISTICS-VAN-03,13.5,0.23,93.0,82,0.1,65,12.45,39.6,46.2,72.6,25,-79,23.4,5G在线,69.3,91.5,0.16,29.437137,105.991014,大雾,重庆永川 · 茶山竹海坡道测试段,山地坡道 / 连续发卡弯 / 竹林景区慢行
119,YC-LOGISTICS-VAN-03,13.9,0.22,93.3,73,0.2,78,12.39,39.7,46.6,71.4,23,-81,25.8,5G在线,72.2,85.8,0.13,29.437166,105.991025,大雾,重庆永川 · 茶山竹海坡道测试段,山地坡道 / 连续发卡弯 / 竹林景区慢行
120,YC-LOGISTICS-VAN-03,13.9,0.19,92.8,76,0.0,57,12.41,39.9,42.6,71.5,22,-83,23.7,5G在线,69.5,91.9,0.12,29.437194,105.991035,大雾,重庆永川 · 茶山竹海坡道测试段,山地坡道 / 连续发卡弯 / 竹林景区慢行
121,YC-LOGISTICS-VAN-03,14.2,0.22,93.2,79,0.0,71,12.34,40.3,48.5,70.3,23,-84,25.1,5G在线,67.4,91.8,0.13,29.437223,105.991046,大雾,重庆永川 · 茶山竹海坡道测试段,山地坡道 / 连续发卡弯 / 竹林景区慢行
122,YC-LOGISTICS-VAN-03,14.7,0.19,93.5,82,0.0,74,12.5,39.8,44.6,71.5,22,-83,22.0,5G在线,72.8,87.6,0.15,29.437251,105.991057,大雾,重庆永川 · 茶山竹海坡道测试段,山地坡道 / 连续发卡弯 / 竹林景区慢行
123,YC-LOGISTICS-VAN-03,15.4,0.23,93.9,86,0.1,75,12.51,39.4,47.0,72.6,24,-82,27.1,5G在线,68.8,89.9,0.15,29.43728,105.991068,大雾,重庆永川 · 茶山竹海坡道测试段,山地坡道 / 连续发卡弯 / 竹林景区慢行
124,YC-LOGISTICS-VAN-03,15.4,0.22,93.4,89,0.2,57,12.45,39.6,42.6,72.6,21,-81,26.0,5G在线,67.6,88.4,0.14,29.437308,105.991079,大雾,重庆永川 · 茶山竹海坡道测试段,山地坡道 / 连续发卡弯 / 竹林景区慢行
125,YC-LOGISTICS-VAN-03,15.8,0.23,93.8,92,0.0,76,12.44,40.5,46.7,69.4,23,-87,26.3,5G在线,69.9,90.5,0.16,29.437337,105.99109,大雾,重庆永川 · 茶山竹海坡道测试段,山地坡道 / 连续发卡弯 / 竹林景区慢行
126,YC-LOGISTICS-VAN-03,16.6,0.21,94.2,83,0.0,67,12.48,39.6,47.2,72.1,22,-85,24.3,5G在线,67.7,90.3,0.12,29.437365,105.991101,大雾,重庆永川 · 茶山竹海坡道测试段,山地坡道 / 连续发卡弯 / 竹林景区慢行
127,YC-LOGISTICS-VAN-03,17.3,0.2,94.5,87,0.0,71,12.5,39.8,42.8,71.9,22,-83,24.8,5G在线,70.5,83.4,0.12,29.437394,105.991112,大雾,重庆永川 · 茶山竹海坡道测试段,山地坡道 / 连续发卡弯 / 竹林景区慢行
128,YC-LOGISTICS-VAN-03,17.5,0.19,94.1,90,0.1,73,12.38,39.9,46.3,71.1,24,-83,27.5,5G在线,68.4,83.2,0.14,29.437422,105.991123,大雾,重庆永川 · 茶山竹海坡道测试段,山地坡道 / 连续发卡弯 / 竹林景区慢行
129,YC-LOGISTICS-VAN-03,18.0,0.2,94.4,93,0.2,78,12.47,40.2,43.2,72.5,25,-79,28.0,5G在线,72.6,83.3,0.12,29.437451,105.991135,大雾,重庆永川 · 茶山竹海坡道测试段,山地坡道 / 连续发卡弯 / 竹林景区慢行
130,YC-LOGISTICS-VAN-03,19.0,0.2,94.8,97,0.0,57,12.44,40.1,46.8,70.6,24,-86,27.6,5G在线,68.9,86.5,0.15,29.43748,105.991146,大雾,重庆永川 · 茶山竹海坡道测试段,山地坡道 / 连续发卡弯 / 竹林景区慢行
131,YC-LOGISTICS-VAN-03,19.2,0.22,95.1,100,0.0,58,12.41,40.5,41.9,71.1,23,-79,25.3,5G在线,68.2,87.7,0.16,29.437508,105.991157,大雾,重庆永川 · 茶山竹海坡道测试段,山地坡道 / 连续发卡弯 / 竹林景区慢行
132,YC-LOGISTICS-VAN-03,19.9,0.2,94.6,103,0.0,73,12.43,39.7,49.6,70.8,23,-84,27.0,5G在线,67.3,86.4,0.16,29.437537,105.991168,大雾,重庆永川 · 茶山竹海坡道测试段,山地坡道 / 连续发卡弯 / 竹林景区慢行
133,YC-LOGISTICS-VAN-03,20.3,0.2,95.0,93,0.1,58,12.37,39.9,46.4,72.5,25,-80,22.4,5G在线,70.3,89.2,0.14,29.437562,105.991183,大雾,重庆永川 · 茶山竹海坡道测试段,山地坡道 / 连续发卡弯 / 竹林景区慢行
134,YC-LOGISTICS-VAN-03,21.0,0.21,95.3,96,0.2,62,12.45,40.5,48.5,70.2,24,-81,26.6,5G在线,70.6,83.5,0.14,29.437577,105.991207,大雾,重庆永川 · 茶山竹海坡道测试段,山地坡道 / 连续发卡弯 / 竹林景区慢行
135,YC-LOGISTICS-VAN-03,21.8,0.18,95.6,99,0.0,77,12.35,40.0,48.8,71.6,21,-84,28.0,5G在线,70.6,89.7,0.13,29.437592,105.991232,大雾,重庆永川 · 茶山竹海坡道测试段,山地坡道 / 连续发卡弯 / 竹林景区慢行
136,YC-LOGISTICS-VAN-03,22.1,0.21,95.1,102,0.0,71,12.45,40.5,48.2,71.1,22,-82,27.2,5G在线,68.2,92.0,0.14,29.437607,105.991257,大雾,重庆永川 · 茶山竹海坡道测试段,山地坡道 / 连续发卡弯 / 竹林景区慢行
137,YC-LOGISTICS-VAN-03,22.7,0.22,95.3,104,0.0,69,12.47,39.9,42.5,69.3,25,-87,26.0,5G在线,72.3,88.3,0.12,29.437622,105.991282,大雾,重庆永川 · 茶山竹海坡道测试段,山地坡道 / 连续发卡弯 / 竹林景区慢行
138,YC-LOGISTICS-VAN-03,22.8,0.21,95.6,107,0.1,59,12.36,40.5,46.6,72.3,23,-85,28.1,5G在线,68.0,87.2,0.12,29.437638,105.991307,大雾,重庆永川 · 茶山竹海坡道测试段,山地坡道 / 连续发卡弯 / 竹林景区慢行
139,YC-LOGISTICS-VAN-03,23.7,0.21,95.9,109,0.2,69,12.52,40.1,50.2,69.3,21,-82,24.6,5G在线,69.1,89.1,0.16,29.437653,105.991332,大雾,重庆永川 · 茶山竹海坡道测试段,山地坡道 / 连续发卡弯 / 竹林景区慢行
140,YC-LOGISTICS-VAN-03,23.8,0.21,95.3,98,0.0,67,12.41,40.0,45.2,70.3,25,-86,28.9,5G在线,67.6,91.4,0.15,29.437668,105.991357,大雾,重庆永川 · 茶山竹海坡道测试段,山地坡道 / 连续发卡弯 / 竹林景区慢行
141,YC-LOGISTICS-VAN-03,24.5,0.18,95.5,100,0.0,78,12.53,40.6,49.8,71.6,22,-82,25.0,5G在线,72.1,87.1,0.14,29.437683,105.991382,大雾,重庆永川 · 茶山竹海坡道测试段,山地坡道 / 连续发卡弯 / 竹林景区慢行
142,YC-LOGISTICS-VAN-03,24.5,0.21,95.7,102,0.0,70,12.35,40.3,43.9,71.3,25,-82,23.3,5G在线,71.2,91.9,0.16,29.437698,105.991408,大雾,重庆永川 · 茶山竹海坡道测试段,山地坡道 / 连续发卡弯 / 竹林景区慢行
143,YC-LOGISTICS-VAN-03,24.3,0.19,95.9,104,0.1,66,12.52,40.4,45.8,72.5,25,-82,22.5,5G在线,70.1,84.5,0.16,29.437713,105.991433,大雾,重庆永川 · 茶山竹海坡道测试段,山地坡道 / 连续发卡弯 / 竹林景区慢行
144,YC-LOGISTICS-VAN-03,25.1,0.23,95.2,105,0.2,61,12.35,39.8,49.0,71.3,24,-85,28.9,5G在线,72.2,91.5,0.16,29.437729,105.991458,大雾,重庆永川 · 茶山竹海坡道测试段,山地坡道 / 连续发卡弯 / 竹林景区慢行
145,YC-LOGISTICS-VAN-03,24.6,0.21,95.4,107,0.0,66,12.35,39.8,47.3,70.4,25,-85,26.1,5G在线,70.2,87.1,0.15,29.437744,105.991483,大雾,重庆永川 · 茶山竹海坡道测试段,山地坡道 / 连续发卡弯 / 竹林景区慢行
146,YC-LOGISTICS-VAN-03,24.9,0.22,95.5,108,0.0,61,12.37,40.0,44.5,70.7,21,-83,29.8,5G在线,67.9,84.6,0.16,29.437759,105.991508,大雾,重庆永川 · 茶山竹海坡道测试段,山地坡道 / 连续发卡弯 / 竹林景区慢行
147,YC-LOGISTICS-VAN-03,24.9,0.2,95.7,96,0.0,77,12.36,40.8,50.0,71.6,21,-86,30.6,5G在线,69.9,90.8,0.15,29.437774,105.991534,大雾,重庆永川 · 茶山竹海坡道测试段,山地坡道 / 连续发卡弯 / 竹林景区慢行
148,YC-LOGISTICS-VAN-03,25.0,0.22,95.0,97,0.1,57,12.4,40.2,50.0,69.9,21,-83,28.8,5G在线,69.3,86.2,0.15,29.43779,105.991559,大雾,重庆永川 · 茶山竹海坡道测试段,山地坡道 / 连续发卡弯 / 竹林景区慢行
149,YC-LOGISTICS-VAN-03,24.8,0.22,95.1,98,0.2,71,12.37,40.1,45.1,71.5,23,-80,30.9,5G在线,72.3,83.1,0.12,29.437805,105.991584,大雾,重庆永川 · 茶山竹海坡道测试段,山地坡道 / 连续发卡弯 / 竹林景区慢行
150,YC-LOGISTICS-VAN-03,25.0,0.23,95.1,98,0.0,61,12.51,40.0,48.0,70.7,24,-78,28.2,5G在线,68.6,83.8,0.14,29.43782,105.991609,大雾,重庆永川 · 茶山竹海坡道测试段,山地坡道 / 连续发卡弯 / 竹林景区慢行
151,YC-LOGISTICS-VAN-03,24.3,0.2,95.2,99,0.0,58,12.33,40.5,42.7,72.5,24,-85,22.6,5G在线,70.0,90.9,0.16,29.437836,105.991635,大雾,重庆永川 · 茶山竹海坡道测试段,山地坡道 / 连续发卡弯 / 竹林景区慢行
152,YC-LOGISTICS-VAN-03,24.7,0.22,94.5,99,0.0,66,12.47,40.1,43.1,72.5,22,-87,25.2,5G在线,70.3,85.3,0.15,29.437851,105.99166,大雾,重庆永川 · 茶山竹海坡道测试段,山地坡道 / 连续发卡弯 / 竹林景区慢行
153,YC-LOGISTICS-VAN-03,24.4,0.2,94.5,100,0.1,71,12.5,41.0,44.8,72.6,23,-83,21.4,5G在线,67.2,91.2,0.13,29.437866,105.991686,大雾,重庆永川 · 茶山竹海坡道测试段,山地坡道 / 连续发卡弯 / 竹林景区慢行
154,YC-LOGISTICS-VAN-03,23.6,0.18,94.6,87,0.2,59,12.37,40.2,45.5,72.5,21,-86,28.3,5G在线,68.0,91.4,0.16,29.437882,105.991711,大雾,重庆永川 · 茶山竹海坡道测试段,山地坡道 / 连续发卡弯 / 竹林景区慢行
155,YC-LOGISTICS-VAN-03,23.7,0.19,94.6,88,0.0,76,12.5,40.3,45.3,69.4,25,-86,25.2,5G在线,72.3,84.0,0.12,29.437897,105.991736,大雾,重庆永川 · 茶山竹海坡道测试段,山地坡道 / 连续发卡弯 / 竹林景区慢行
156,YC-LOGISTICS-VAN-03,23.7,0.21,93.9,88,0.0,66,12.43,40.2,45.2,70.2,23,-78,27.2,5G在线,70.0,91.2,0.15,29.437913,105.991762,大雾,重庆永川 · 茶山竹海坡道测试段,山地坡道 / 连续发卡弯 / 竹林景区慢行
157,YC-LOGISTICS-VAN-03,23.2,0.21,93.9,88,0.0,59,12.51,40.0,42.5,72.5,22,-78,22.3,5G在线,70.9,90.2,0.13,29.437928,105.991787,大雾,重庆永川 · 茶山竹海坡道测试段,山地坡道 / 连续发卡弯 / 竹林景区慢行
158,YC-LOGISTICS-VAN-03,22.7,0.21,94.0,88,0.1,68,12.46,40.4,48.9,69.6,21,-82,25.6,5G在线,68.2,88.1,0.15,29.437944,105.991813,大雾,重庆永川 · 茶山竹海坡道测试段,山地坡道 / 连续发卡弯 / 竹林景区慢行
159,YC-LOGISTICS-VAN-03,22.5,0.21,94.0,89,0.2,59,12.37,39.7,43.6,70.7,24,-84,27.4,5G在线,69.3,88.5,0.13,29.437959,105.991838,大雾,重庆永川 · 茶山竹海坡道测试段,山地坡道 / 连续发卡弯 / 竹林景区慢行
160,YC-LOGISTICS-VAN-03,22.0,0.22,93.2,89,0.0,72,12.49,40.7,44.7,69.9,21,-86,28.3,5G在线,72.4,83.4,0.15,29.437981,105.991861,大雾,重庆永川 · 茶山竹海坡道测试段,山地坡道 / 连续发卡弯 / 竹林景区慢行
161,YC-LOGISTICS-VAN-03,22.0,0.22,93.3,76,0.0,60,12.45,40.8,48.4,70.6,24,-84,23.7,5G在线,69.0,91.3,0.12,29.438007,105.991883,大雾,重庆永川 · 茶山竹海坡道测试段,山地坡道 / 连续发卡弯 / 竹林景区慢行
162,YC-LOGISTICS-VAN-03,21.6,0.18,93.3,77,0.0,66,12.36,39.9,42.3,71.4,21,-85,24.0,5G在线,72.2,88.6,0.14,29.438032,105.991904,大雾,重庆永川 · 茶山竹海坡道测试段,山地坡道 / 连续发卡弯 / 竹林景区慢行
163,YC-LOGISTICS-VAN-03,22.0,0.21,93.4,77,0.1,75,12.46,39.6,49.2,70.8,22,-82,21.1,5G在线,71.4,83.5,0.14,29.438057,105.991926,大雾,重庆永川 · 茶山竹海坡道测试段,山地坡道 / 连续发卡弯 / 竹林景区慢行
164,YC-LOGISTICS-VAN-03,21.4,0.19,92.7,78,0.2,69,12.4,40.7,48.1,70.2,25,-87,28.0,5G在线,69.6,84.8,0.15,29.438082,105.991947,大雾,重庆永川 · 茶山竹海坡道测试段,山地坡道 / 连续发卡弯 / 竹林景区慢行
165,YC-LOGISTICS-VAN-03,21.1,0.21,92.8,78,0.0,65,12.47,40.3,46.4,71.5,21,-83,29.8,5G在线,67.4,90.6,0.12,29.438107,105.991969,大雾,重庆永川 · 茶山竹海坡道测试段,山地坡道 / 连续发卡弯 / 竹林景区慢行
166,YC-LOGISTICS-VAN-03,21.4,0.21,92.9,79,0.0,65,12.43,40.6,43.1,69.6,23,-84,24.8,5G在线,68.5,85.1,0.15,29.438133,105.99199,大雾,重庆永川 · 茶山竹海坡道测试段,山地坡道 / 连续发卡弯 / 竹林景区慢行
167,YC-LOGISTICS-VAN-03,21.1,0.2,93.0,80,0.0,67,12.33,40.2,47.7,71.4,25,-81,27.3,5G在线,70.1,88.5,0.12,29.438158,105.992012,大雾,重庆永川 · 茶山竹海坡道测试段,山地坡道 / 连续发卡弯 / 竹林景区慢行
168,YC-LOGISTICS-VAN-03,21.2,0.18,92.3,68,0.1,73,12.35,40.6,43.2,71.4,22,-83,26.1,5G在线,67.3,88.0,0.12,29.438183,105.992034,大雾,重庆永川 · 茶山竹海坡道测试段,山地坡道 / 连续发卡弯 / 竹林景区慢行
169,YC-LOGISTICS-VAN-03,21.3,0.21,92.4,70,0.2,63,12.46,40.7,49.6,71.0,21,-87,28.5,5G在线,71.5,84.2,0.15,29.438209,105.992055,大雾,重庆永川 · 茶山竹海坡道测试段,山地坡道 / 连续发卡弯 / 竹林景区慢行
170,YC-LOGISTICS-VAN-03,21.5,0.22,92.6,71,0.0,73,12.38,40.0,48.6,72.4,24,-80,21.6,5G在线,69.1,88.2,0.12,29.438234,105.992077,大雾,重庆永川 · 茶山竹海坡道测试段,山地坡道 / 连续发卡弯 / 竹林景区慢行
171,YC-LOGISTICS-VAN-03,21.5,0.22,92.7,72,0.0,61,12.4,40.5,42.5,72.2,24,-81,24.5,5G在线,68.5,84.4,0.15,29.43826,105.992098,大雾,重庆永川 · 茶山竹海坡道测试段,山地坡道 / 连续发卡弯 / 竹林景区慢行
172,YC-LOGISTICS-VAN-03,21.2,0.19,92.1,74,0.0,71,12.48,40.3,43.4,69.4,22,-78,25.1,5G在线,69.9,87.2,0.15,29.438285,105.99212,大雾,重庆永川 · 茶山竹海坡道测试段,山地坡道 / 连续发卡弯 / 竹林景区慢行
173,YC-LOGISTICS-VAN-03,21.4,0.22,92.3,76,0.1,78,12.47,40.2,45.1,71.5,23,-85,21.7,5G在线,67.8,89.4,0.13,29.438311,105.992142,大雾,重庆永川 · 茶山竹海坡道测试段,山地坡道 / 连续发卡弯 / 竹林景区慢行
174,YC-LOGISTICS-VAN-03,21.4,0.21,92.5,78,0.2,58,12.43,40.7,44.0,71.0,24,-78,29.8,5G在线,71.0,84.6,0.12,29.438336,105.992163,大雾,重庆永川 · 茶山竹海坡道测试段,山地坡道 / 连续发卡弯 / 竹林景区慢行
175,YC-LOGISTICS-VAN-03,21.2,0.2,92.7,67,0.0,76,12.48,40.1,43.2,72.1,24,-79,28.9,5G在线,69.1,86.7,0.13,29.438362,105.992185,大雾,重庆永川 · 茶山竹海坡道测试段,山地坡道 / 连续发卡弯 / 竹林景区慢行
176,YC-LOGISTICS-VAN-03,21.5,0.22,92.2,69,0.0,75,12.46,40.8,44.7,71.3,24,-81,27.7,5G在线,72.5,87.1,0.12,29.438387,105.992207,大雾,重庆永川 · 茶山竹海坡道测试段,山地坡道 / 连续发卡弯 / 竹林景区慢行
177,YC-LOGISTICS-VAN-03,21.9,0.19,92.4,72,0.0,63,12.47,40.1,44.3,70.6,24,-86,21.9,5G在线,72.8,86.3,0.12,29.438413,105.992228,大雾,重庆永川 · 茶山竹海坡道测试段,山地坡道 / 连续发卡弯 / 竹林景区慢行
178,YC-LOGISTICS-VAN-03,21.4,0.23,92.7,74,0.1,69,12.45,40.7,46.1,71.5,23,-79,29.3,5G在线,71.5,83.9,0.14,29.438439,105.99225,大雾,重庆永川 · 茶山竹海坡道测试段,山地坡道 / 连续发卡弯 / 竹林景区慢行
179,YC-LOGISTICS-VAN-03,21.5,0.22,93.0,77,0.2,68,12.38,40.1,47.3,69.3,23,-78,23.9,5G在线,72.3,90.4,0.13,29.438465,105.992272,大雾,重庆永川 · 茶山竹海坡道测试段,山地坡道 / 连续发卡弯 / 竹林景区慢行
180,YC-LOGISTICS-VAN-03,21.5,0.21,92.5,80,0.0,72,12.47,39.7,46.3,69.4,21,-86,23.8,5G在线,70.3,85.9,0.16,29.43849,105.992293,大雾,重庆永川 · 茶山竹海坡道测试段,山地坡道 / 连续发卡弯 / 竹林景区慢行
181,YC-LOGISTICS-VAN-03,21.3,0.22,92.8,82,0.0,62,12.37,40.0,43.7,70.7,22,-80,30.8,5G在线,67.3,89.0,0.15,29.438516,105.992315,大雾,重庆永川 · 茶山竹海坡道测试段,山地坡道 / 连续发卡弯 / 竹林景区慢行
182,YC-LOGISTICS-VAN-03,21.3,0.22,93.1,73,0.0,74,12.4,39.8,43.4,71.7,24,-85,23.3,5G在线,70.2,85.2,0.13,29.438542,105.992337,大雾,重庆永川 · 茶山竹海坡道测试段,山地坡道 / 连续发卡弯 / 竹林景区慢行
183,YC-LOGISTICS-VAN-03,21.1,0.2,93.5,76,0.1,57,12.46,39.7,45.0,70.9,24,-85,22.4,5G在线,69.9,86.8,0.16,29.438568,105.992358,大雾,重庆永川 · 茶山竹海坡道测试段,山地坡道 / 连续发卡弯 / 竹林景区慢行
184,YC-LOGISTICS-VAN-03,21.6,0.22,93.0,79,0.2,57,12.5,40.1,44.1,71.8,22,-83,24.1,5G在线,67.5,85.6,0.12,29.438594,105.99238,大雾,重庆永川 · 茶山竹海坡道测试段,山地坡道 / 连续发卡弯 / 竹林景区慢行
185,YC-LOGISTICS-VAN-03,21.3,0.19,93.4,83,0.0,57,12.34,39.6,46.0,69.3,22,-81,24.5,5G在线,70.5,83.0,0.12,29.43862,105.992401,大雾,重庆永川 · 茶山竹海坡道测试段,山地坡道 / 连续发卡弯 / 竹林景区慢行
186,YC-LOGISTICS-VAN-03,20.7,0.22,93.7,86,0.0,62,12.35,40.8,47.6,72.7,23,-82,30.6,5G在线,72.1,85.2,0.15,29.438645,105.992425,大雾,重庆永川 · 茶山竹海坡道测试段,山地坡道 / 连续发卡弯 / 竹林景区慢行
187,YC-LOGISTICS-VAN-03,20.9,0.22,94.1,89,0.0,65,12.37,40.2,48.2,69.3,23,-80,30.1,5G在线,69.3,83.4,0.12,29.438661,105.99246,大雾,重庆永川 · 茶山竹海坡道测试段,山地坡道 / 连续发卡弯 / 竹林景区慢行
188,YC-LOGISTICS-VAN-03,20.0,0.19,93.6,93,0.1,62,12.37,40.1,44.8,71.8,22,-86,24.3,5G在线,68.3,87.9,0.13,29.438678,105.992495,大雾,重庆永川 · 茶山竹海坡道测试段,山地坡道 / 连续发卡弯 / 竹林景区慢行
189,YC-LOGISTICS-VAN-03,19.8,0.22,94.0,83,0.2,70,12.44,39.9,49.5,70.2,22,-80,25.1,5G在线,72.1,90.8,0.13,29.438694,105.99253,大雾,重庆永川 · 茶山竹海坡道测试段,山地坡道 / 连续发卡弯 / 竹林景区慢行
190,YC-LOGISTICS-VAN-03,19.6,0.18,94.3,87,0.0,78,12.4,40.7,45.0,72.7,22,-80,21.3,5G在线,68.2,88.2,0.13,29.438711,105.992565,大雾,重庆永川 · 茶山竹海坡道测试段,山地坡道 / 连续发卡弯 / 竹林景区慢行
191,YC-LOGISTICS-VAN-03,19.3,0.23,94.7,90,0.0,66,12.41,40.5,42.7,70.2,25,-84,23.5,5G在线,67.4,89.4,0.15,29.438728,105.9926,大雾,重庆永川 · 茶山竹海坡道测试段,山地坡道 / 连续发卡弯 / 竹林景区慢行
192,YC-LOGISTICS-VAN-03,18.7,0.19,94.2,93,0.0,73,12.41,40.4,45.7,69.7,22,-86,28.5,5G在线,68.7,86.8,0.12,29.438744,105.992636,大雾,重庆永川 · 茶山竹海坡道测试段,山地坡道 / 连续发卡弯 / 竹林景区慢行
193,YC-LOGISTICS-VAN-03,18.3,0.2,94.6,97,0.1,64,12.46,40.4,47.8,69.6,24,-81,22.5,5G在线,68.1,90.5,0.15,29.438761,105.992671,大雾,重庆永川 · 茶山竹海坡道测试段,山地坡道 / 连续发卡弯 / 竹林景区慢行
194,YC-LOGISTICS-VAN-03,17.8,0.21,94.9,100,0.2,62,12.52,39.9,44.2,71.3,25,-82,29.0,5G在线,68.7,84.6,0.12,29.438778,105.992706,大雾,重庆永川 · 茶山竹海坡道测试段,山地坡道 / 连续发卡弯 / 竹林景区慢行
195,YC-LOGISTICS-VAN-03,16.8,0.22,95.3,103,0.0,78,12.34,39.8,41.1,69.9,24,-79,30.3,5G在线,71.1,85.0,0.14,29.438794,105.992741,大雾,重庆永川 · 茶山竹海坡道测试段,山地坡道 / 连续发卡弯 / 竹林景区慢行
196,YC-LOGISTICS-VAN-03,16.5,0.22,94.8,94,0.0,70,12.34,39.4,45.7,70.0,22,-82,29.2,5G在线,71.4,90.7,0.16,29.438811,105.992776,大雾,重庆永川 · 茶山竹海坡道测试段,山地坡道 / 连续发卡弯 / 竹林景区慢行
197,YC-LOGISTICS-VAN-03,16.0,0.2,95.1,96,0.0,64,12.33,40.5,41.4,71.5,23,-80,24.1,5G在线,70.5,89.6,0.13,29.438828,105.992811,大雾,重庆永川 · 茶山竹海坡道测试段,山地坡道 / 连续发卡弯 / 竹林景区慢行
198,YC-LOGISTICS-VAN-03,15.2,0.22,95.4,99,0.1,58,12.33,39.5,44.0,72.1,23,-87,30.2,5G在线,72.3,86.5,0.15,29.438845,105.992846,大雾,重庆永川 · 茶山竹海坡道测试段,山地坡道 / 连续发卡弯 / 竹林景区慢行
199,YC-LOGISTICS-VAN-03,14.8,0.2,95.7,102,0.2,67,12.52,39.6,42.1,70.4,22,-79,28.7,5G在线,69.1,90.3,0.16,29.438862,105.992881,大雾,重庆永川 · 茶山竹海坡道测试段,山地坡道 / 连续发卡弯 / 竹林景区慢行
200,YC-LOGISTICS-VAN-03,14.4,0.19,95.2,104,0.0,58,12.43,40.0,47.0,72.3,23,-87,21.8,5G在线,70.8,84.9,0.13,29.438879,105.992916,大雾,重庆永川 · 茶山竹海坡道测试段,山地坡道 / 连续发卡弯 / 竹林景区慢行
201,YC-LOGISTICS-VAN-03,13.4,0.23,95.4,107,0.0,66,12.42,39.5,48.3,69.3,23,-79,24.6,5G在线,68.0,83.9,0.15,29.438896,105.992951,大雾,重庆永川 · 茶山竹海坡道测试段,山地坡道 / 连续发卡弯 / 竹林景区慢行
202,YC-LOGISTICS-VAN-03,13.2,0.19,95.7,109,0.0,73,12.49,39.3,42.6,72.1,23,-82,24.5,5G在线,68.7,88.4,0.12,29.438913,105.992986,大雾,重庆永川 · 茶山竹海坡道测试段,山地坡道 / 连续发卡弯 / 竹林景区慢行
203,YC-LOGISTICS-VAN-03,12.9,0.2,95.9,98,0.1,72,12.52,39.1,40.9,71.3,21,-86,23.1,5G在线,68.6,87.4,0.16,29.43893,105.993021,大雾,重庆永川 · 茶山竹海坡道测试段,山地坡道 / 连续发卡弯 / 竹林景区慢行
204,YC-LOGISTICS-VAN-03,12.4,0.18,95.3,100,0.2,57,12.45,39.9,46.0,71.7,25,-80,23.0,5G在线,69.8,87.5,0.13,29.438947,105.993056,大雾,重庆永川 · 茶山竹海坡道测试段,山地坡道 / 连续发卡弯 / 竹林景区慢行
205,YC-LOGISTICS-VAN-03,11.7,0.2,95.5,102,0.0,58,12.44,39.3,47.8,71.7,21,-85,30.9,5G在线,67.3,88.3,0.15,29.438964,105.993091,大雾,重庆永川 · 茶山竹海坡道测试段,山地坡道 / 连续发卡弯 / 竹林景区慢行
206,YC-LOGISTICS-VAN-03,11.6,0.22,95.7,104,0.0,62,12.34,39.2,40.2,70.5,25,-82,21.4,5G在线,68.1,90.6,0.15,29.438981,105.993126,大雾,重庆永川 · 茶山竹海坡道测试段,山地坡道 / 连续发卡弯 / 竹林景区慢行
207,YC-LOGISTICS-VAN-03,11.4,0.19,95.8,105,0.0,64,12.48,39.8,42.6,70.3,22,-84,28.3,5G在线,72.1,85.0,0.16,29.438998,105.993161,大雾,重庆永川 · 茶山竹海坡道测试段,山地坡道 / 连续发卡弯 / 竹林景区慢行
208,YC-LOGISTICS-VAN-03,10.8,0.2,95.2,106,0.1,71,12.46,39.1,40.9,71.1,25,-86,28.2,5G在线,69.7,84.3,0.12,29.439015,105.993196,大雾,重庆永川 · 茶山竹海坡道测试段,山地坡道 / 连续发卡弯 / 竹林景区慢行
209,YC-LOGISTICS-VAN-03,10.5,0.2,95.3,108,0.2,57,12.35,40.0,43.3,70.9,22,-82,29.2,5G在线,68.5,91.8,0.15,29.439032,105.993231,大雾,重庆永川 · 茶山竹海坡道测试段,山地坡道 / 连续发卡弯 / 竹林景区慢行
210,YC-LOGISTICS-VAN-03,10.6,0.21,95.4,96,0.0,75,12.46,40.3,46.9,70.7,25,-85,28.7,5G在线,70.6,86.6,0.12,29.43905,105.993265,大雾,重庆永川 · 茶山竹海坡道测试段,山地坡道 / 连续发卡弯 / 竹林景区慢行
211,YC-LOGISTICS-VAN-03,10.5,0.19,95.5,97,0.0,75,12.33,39.2,45.1,70.5,25,-84,21.8,5G在线,67.3,87.5,0.15,29.439067,105.9933,大雾,重庆永川 · 茶山竹海坡道测试段,山地坡道 / 连续发卡弯 / 竹林景区慢行
212,YC-LOGISTICS-VAN-03,10.9,0.19,94.8,98,0.0,76,12.47,39.0,47.2,69.8,25,-83,23.3,5G在线,71.7,86.9,0.16,29.439084,105.993335,大雾,重庆永川 · 茶山竹海坡道测试段,山地坡道 / 连续发卡弯 / 竹林景区慢行
213,YC-LOGISTICS-VAN-03,10.7,0.19,94.9,98,0.1,68,12.35,39.0,46.2,70.7,24,-82,25.5,5G在线,71.6,86.9,0.16,29.439107,105.993373,大雾,重庆永川 · 茶山竹海坡道测试段,山地坡道 / 连续发卡弯 / 竹林景区慢行
214,YC-LOGISTICS-VAN-03,10.8,0.19,95.0,99,0.2,75,12.38,39.1,45.6,71.4,22,-79,27.7,5G在线,70.0,83.7,0.13,29.439136,105.993413,大雾,重庆永川 · 茶山竹海坡道测试段,山地坡道 / 连续发卡弯 / 竹林景区慢行
215,YC-LOGISTICS-VAN-03,10.6,0.19,95.1,99,0.0,77,12.37,40.3,47.7,71.9,22,-78,26.5,5G在线,70.1,84.1,0.14,29.439164,105.993453,大雾,重庆永川 · 茶山竹海坡道测试段,山地坡道 / 连续发卡弯 / 竹林景区慢行
216,YC-LOGISTICS-VAN-03,11.2,0.21,94.3,100,0.0,57,12.52,39.3,43.5,69.3,24,-79,23.8,5G在线,72.8,89.0,0.16,29.439192,105.993493,大雾,重庆永川 · 茶山竹海坡道测试段,山地坡道 / 连续发卡弯 / 竹林景区慢行
217,YC-LOGISTICS-VAN-03,11.1,0.21,94.4,87,0.0,70,12.4,40.3,45.7,69.5,24,-81,24.3,5G在线,72.3,88.5,0.16,29.43922,105.993533,大雾,重庆永川 · 茶山竹海坡道测试段,山地坡道 / 连续发卡弯 / 竹林景区慢行
218,YC-LOGISTICS-VAN-03,11.5,0.22,94.4,87,0.1,61,12.4,39.9,42.7,71.8,23,-82,30.7,5G在线,70.3,85.8,0.15,29.439248,105.993573,大雾,重庆永川 · 茶山竹海坡道测试段,山地坡道 / 连续发卡弯 / 竹林景区慢行
219,YC-LOGISTICS-VAN-03,11.7,0.22,94.4,88,0.2,57,12.34,39.9,44.2,72.0,23,-82,22.1,5G在线,72.6,87.6,0.16,29.439277,105.993613,大雾,重庆永川 · 茶山竹海坡道测试段,山地坡道 / 连续发卡弯 / 竹林景区慢行
220,YC-LOGISTICS-VAN-03,11.7,0.23,93.7,88,0.0,58,12.39,39.7,43.0,70.2,24,-79,27.2,5G在线,70.2,89.4,0.13,29.439305,105.993653,大雾,重庆永川 · 茶山竹海坡道测试段,山地坡道 / 连续发卡弯 / 竹林景区慢行
221,YC-LOGISTICS-VAN-03,12.6,0.21,93.7,88,0.0,63,12.39,39.7,45.7,71.5,22,-79,22.2,5G在线,69.8,85.9,0.14,29.439333,105.993693,大雾,重庆永川 · 茶山竹海坡道测试段,山地坡道 / 连续发卡弯 / 竹林景区慢行
222,YC-LOGISTICS-VAN-03,12.4,0.2,93.8,88,0.0,62,12.45,39.4,41.1,71.1,24,-82,30.4,5G在线,68.1,89.5,0.13,29.439361,105.993733,大雾,重庆永川 · 茶山竹海坡道测试段,山地坡道 / 连续发卡弯 / 竹林景区慢行
223,YC-LOGISTICS-VAN-03,12.8,0.19,93.8,89,0.1,58,12.44,39.2,40.3,70.7,23,-81,26.4,5G在线,67.7,83.1,0.13,29.43939,105.993773,大雾,重庆永川 · 茶山竹海坡道测试段,山地坡道 / 连续发卡弯 / 竹林景区慢行
224,YC-LOGISTICS-VAN-03,13.1,0.2,93.1,76,0.2,57,12.36,40.0,44.5,72.1,23,-79,25.1,5G在线,71.7,91.7,0.15,29.439418,105.993812,大雾,重庆永川 · 茶山竹海坡道测试段,山地坡道 / 连续发卡弯 / 竹林景区慢行
225,YC-LOGISTICS-VAN-03,13.6,0.19,93.1,77,0.0,68,12.4,39.5,44.4,72.4,24,-81,21.5,5G在线,69.9,85.5,0.16,29.439446,105.993852,大雾,重庆永川 · 茶山竹海坡道测试段,山地坡道 / 连续发卡弯 / 竹林景区慢行
226,YC-LOGISTICS-VAN-03,13.9,0.2,93.2,77,0.0,73,12.53,40.1,47.0,72.3,25,-78,31.0,5G在线,72.2,85.1,0.14,29.439475,105.993892,大雾,重庆永川 · 茶山竹海坡道测试段,山地坡道 / 连续发卡弯 / 竹林景区慢行
227,YC-LOGISTICS-VAN-03,14.4,0.21,93.3,78,0.0,65,12.45,39.4,42.1,71.8,23,-87,29.0,5G在线,71.8,84.8,0.16,29.439503,105.993932,大雾,重庆永川 · 茶山竹海坡道测试段,山地坡道 / 连续发卡弯 / 竹林景区慢行
228,YC-LOGISTICS-VAN-03,14.1,0.2,92.5,78,0.1,61,12.41,39.9,46.6,71.0,21,-85,23.4,5G在线,71.3,84.5,0.16,29.439531,105.993971,大雾,重庆永川 · 茶山竹海坡道测试段,山地坡道 / 连续发卡弯 / 竹林景区慢行
229,YC-LOGISTICS-VAN-03,14.5,0.22,92.6,79,0.2,75,12.45,39.7,45.3,71.8,25,-79,21.4,5G在线,68.3,91.4,0.13,29.43956,105.994011,大雾,重庆永川 · 茶山竹海坡道测试段,山地坡道 / 连续发卡弯 / 竹林景区慢行
230,YC-LOGISTICS-VAN-03,14.5,0.23,92.7,80,0.0,77,12.43,40.3,42.3,72.4,25,-79,21.8,5G在线,72.8,83.8,0.14,29.439588,105.994051,大雾,重庆永川 · 茶山竹海坡道测试段,山地坡道 / 连续发卡弯 / 竹林景区慢行
231,YC-LOGISTICS-VAN-03,14.7,0.18,92.9,68,0.0,67,12.49,39.3,41.3,72.3,22,-87,25.8,5G在线,72.0,88.7,0.16,29.439617,105.99409,大雾,重庆永川 · 茶山竹海坡道测试段,山地坡道 / 连续发卡弯 / 竹林景区慢行
232,YC-LOGISTICS-VAN-03,15.1,0.22,92.2,69,0.0,77,12.39,39.5,43.2,70.1,25,-87,28.2,5G在线,71.7,84.0,0.15,29.439645,105.99413,大雾,重庆永川 · 茶山竹海坡道测试段,山地坡道 / 连续发卡弯 / 竹林景区慢行
233,YC-LOGISTICS-VAN-03,15.2,0.22,92.4,71,0.1,69,12.41,39.8,43.9,70.1,22,-86,23.0,5G在线,72.7,87.4,0.14,29.439673,105.994169,大雾,重庆永川 · 茶山竹海坡道测试段,山地坡道 / 连续发卡弯 / 竹林景区慢行
234,YC-LOGISTICS-VAN-03,15.2,0.2,92.5,72,0.2,62,12.52,40.2,45.8,72.7,23,-85,25.1,5G在线,69.5,86.9,0.15,29.439702,105.994209,大雾,重庆永川 · 茶山竹海坡道测试段,山地坡道 / 连续发卡弯 / 竹林景区慢行
235,YC-LOGISTICS-VAN-03,15.1,0.2,92.7,74,0.0,64,12.51,40.0,44.8,69.7,24,-84,23.7,5G在线,69.6,88.3,0.14,29.43973,105.994248,大雾,重庆永川 · 茶山竹海坡道测试段,山地坡道 / 连续发卡弯 / 竹林景区慢行
236,YC-LOGISTICS-VAN-03,15.2,0.23,92.1,76,0.0,71,12.42,39.8,42.0,70.3,22,-81,25.1,5G在线,71.3,84.8,0.13,29.439759,105.994288,大雾,重庆永川 · 茶山竹海坡道测试段,山地坡道 / 连续发卡弯 / 竹林景区慢行
237,YC-LOGISTICS-VAN-03,15.4,0.2,92.3,78,0.0,67,12.52,39.3,48.6,71.4,23,-79,27.0,5G在线,72.8,88.4,0.13,29.439787,105.994327,大雾,重庆永川 · 茶山竹海坡道测试段,山地坡道 / 连续发卡弯 / 竹林景区慢行
238,YC-LOGISTICS-VAN-03,15.2,0.22,92.5,67,0.1,57,12.41,39.8,48.2,71.6,22,-82,27.9,5G在线,72.2,89.6,0.13,29.439816,105.994367,大雾,重庆永川 · 茶山竹海坡道测试段,山地坡道 / 连续发卡弯 / 竹林景区慢行
239,YC-LOGISTICS-VAN-03,15.6,0.18,92.8,69,0.2,76,12.36,39.4,47.4,69.8,22,-79,30.0,5G在线,70.1,89.1,0.16,29.439844,105.994406,大雾,重庆永川 · 茶山竹海坡道测试段,山地坡道 / 连续发卡弯 / 竹林景区慢行
